J0,J1,J2,h0,h1,h2,G11_central,G12_central,G22_central
0.95,1.0,1.05,0.95,1.0,1.05,3.7500000009999965,-3.7499999999999956,3.750000000999995
